run,generation,populationFitness,bestTree,action
0,0,0.500000,0.500000,1
0,1,0.500000,0.500000,1
0,2,0.500000,0.500000,1
0,3,0.500000,0.500000,1
0,4,0.500000,0.500000,1
0,5,0.500000,0.500000,2
0,6,0.500000,0.500000,1
0,7,0.500000,0.500000,2
0,8,0.500000,0.500000,1
0,9,0.500000,0.500000,2
